id,intLeft,intRight
1,0.0,0.8333333333333334
3,0.8333333333333334,1.0
